generation,name,pokedex_number,type1,attack,defense,hp,sp_attack,sp_defense,speed,base_total,favorite_votes
one,Bulbasaur,1,grass,49,49,45,65,65,45,318,100
one,Ivysaur,2,grass,62,63,60,80,80,60,405,43
one,Venusaur,3,grass,100,123,80,122,120,80,625,64
one,Charmander,4,fire,52,43,39,60,50,65,309,71
one,Charmeleon,5,fire,64,58,58,80,65,80,405,35
one,Charizard,6,fire,104,78,78,159,115,100,634,207
one,Squirtle,7,water,48,65,44,50,64,43,314,70
one,Wartortle,8,water,63,80,59,65,80,58,405,32
one,Blastoise,9,water,103,120,79,135,115,78,630,89
one,Caterpie,10,bug,30,35,45,20,20,45,195,9
one,Metapod,11,bug,20,55,50,25,25,30,205,3
one,Butterfree,12,bug,45,50,60,90,80,70,395,25
one,Weedle,13,bug,35,30,40,20,20,50,195,1
one,Kakuna,14,bug,25,50,45,25,25,35,205,2
one,Beedrill,15,bug,150,40,65,15,80,145,495,20
one,Pidgey,16,normal,45,40,40,35,35,56,251,13
one,Pidgeotto,17,normal,60,55,63,50,50,71,349,16
one,Pidgeot,18,normal,80,80,83,135,80,121,579,55
one,Rattata,19,normal,56,35,30,25,35,72,253,6
one,Raticate,20,normal,71,70,75,40,80,77,413,8
one,Spearow,21,normal,60,30,40,31,31,70,262,2
one,Fearow,22,normal,90,65,65,61,61,100,442,6
one,Ekans,23,poison,60,44,35,40,54,55,288,4
one,Arbok,24,poison,95,69,60,65,79,80,448,19
one,Pikachu,25,electric,55,40,35,50,50,90,320,70
one,Raichu,26,electric,85,50,60,95,85,110,485,59
one,Sandshrew,27,ground,75,90,50,10,35,40,300,27
one,Sandslash,28,ground,100,120,75,25,65,65,450,37
one,Nidoran ♀,29,poison,47,52,55,40,40,41,275,13
one,Nidorina,30,poison,62,67,70,55,55,56,365,10
one,Nidoqueen,31,poison,92,87,90,75,85,76,505,28
one,Nidoran ♂,32,poison,57,40,46,40,40,50,273,8
one,Nidorino,33,poison,72,57,61,55,55,65,365,10
one,Nidoking,34,poison,102,77,81,85,75,85,505,78
one,Clefairy,35,fairy,45,48,70,60,65,35,323,17
one,Clefable,36,fairy,70,73,95,95,90,60,483,17
one,Vulpix,37,fire,41,40,38,50,65,65,299,73
one,Ninetales,38,fire,67,75,73,81,100,109,505,119
one,Jigglypuff,39,normal,45,20,115,45,25,20,270,27
one,Wigglytuff,40,normal,70,45,140,85,50,45,435,21
one,Zubat,41,poison,45,35,40,30,40,55,245,14
one,Golbat,42,poison,80,70,75,65,75,90,455,11
one,Oddish,43,grass,50,55,45,75,65,30,320,20
one,Gloom,44,grass,65,70,60,85,75,40,395,12
one,Vileplume,45,grass,80,85,75,110,90,50,490,32
one,Paras,46,bug,70,55,35,45,55,25,285,16
one,Parasect,47,bug,95,80,60,60,80,30,405,9
one,Venonat,48,bug,55,50,60,40,55,45,305,14
one,Venomoth,49,bug,65,60,70,90,75,90,450,14
one,Diglett,50,ground,55,30,10,35,45,90,265,12
one,Dugtrio,51,ground,100,60,35,50,70,110,425,17
one,Meowth,52,normal,35,35,40,50,40,90,290,28
one,Persian,53,normal,60,60,65,75,65,115,440,18
one,Psyduck,54,water,52,48,50,65,50,55,320,23
one,Golduck,55,water,82,78,80,95,80,85,500,18
one,Mankey,56,fighting,80,35,40,35,45,70,305,11
one,Primeape,57,fighting,105,60,65,60,70,95,455,17
one,Growlithe,58,fire,70,45,55,70,50,60,350,46
one,Arcanine,59,fire,110,80,90,100,80,95,555,144
one,Poliwag,60,water,50,40,40,40,40,90,300,14
one,Poliwhirl,61,water,65,65,65,50,50,90,385,12
one,Poliwrath,62,water,95,95,90,70,90,70,510,25
one,Abra,63,psychic,20,15,25,105,55,90,310,27
one,Kadabra,64,psychic,35,30,40,120,70,105,400,17
one,Alakazam,65,psychic,50,65,55,175,105,150,600,96
one,Machop,66,fighting,80,50,70,35,35,35,305,5
one,Machoke,67,fighting,100,70,80,50,60,45,405,9
one,Machamp,68,fighting,130,80,90,65,85,55,505,41
one,Bellsprout,69,grass,75,35,50,70,30,40,300,4
one,Weepinbell,70,grass,90,50,65,85,45,55,390,3
one,Victreebel,71,grass,105,65,80,100,70,70,490,15
one,Tentacool,72,water,40,35,40,50,100,70,335,6
one,Tentacruel,73,water,70,65,80,80,120,100,515,16
one,Geodude,74,rock,80,100,40,30,30,20,300,5
one,Graveler,75,rock,95,115,55,45,45,35,390,4
one,Golem,76,rock,120,130,80,55,65,45,495,32
one,Ponyta,77,fire,85,55,50,65,65,90,410,19
one,Rapidash,78,fire,100,70,65,80,80,105,500,39
one,Slowpoke,79,water,65,65,90,40,40,15,315,21
one,Slowbro,80,water,75,180,95,130,80,30,590,26
one,Magnemite,81,electric,35,70,25,95,55,45,325,11
one,Magneton,82,electric,60,95,50,120,70,70,465,26
one,Farfetch'd,83,normal,90,55,52,58,62,60,377,23
one,Doduo,84,normal,85,45,35,35,35,75,310,5
one,Dodrio,85,normal,110,70,60,60,60,110,470,7
one,Seel,86,water,45,55,65,45,70,45,325,8
one,Dewgong,87,water,70,80,90,70,95,70,475,21
one,Grimer,88,poison,80,50,80,40,50,25,325,6
one,Muk,89,poison,105,75,105,65,100,50,500,32
one,Shellder,90,water,65,100,30,45,25,40,305,3
one,Cloyster,91,water,95,180,50,85,45,70,525,21
one,Gastly,92,ghost,35,30,30,100,35,80,310,29
one,Haunter,93,ghost,50,45,45,115,55,95,405,65
one,Gengar,94,ghost,65,80,60,170,95,130,600,186
one,Onix,95,rock,45,160,35,30,45,70,385,16
one,Drowzee,96,psychic,48,45,60,43,90,42,328,7
one,Hypno,97,psychic,73,70,85,73,115,67,483,7
one,Krabby,98,water,105,90,30,25,25,50,325,4
one,Kingler,99,water,130,115,55,50,50,75,475,21
one,Voltorb,100,electric,30,50,40,55,55,100,330,6
one,Electrode,101,electric,50,70,60,80,80,150,490,7
one,Exeggcute,102,grass,40,80,60,60,45,40,325,4
one,Exeggutor,103,grass,105,85,95,125,75,45,530,21
one,Cubone,104,ground,50,95,50,40,50,35,320,51
one,Marowak,105,ground,80,110,60,50,80,45,425,41
one,Hitmonlee,106,fighting,120,53,50,35,110,87,455,31
one,Hitmonchan,107,fighting,105,79,50,35,110,76,455,20
one,Lickitung,108,normal,55,75,90,60,75,30,385,12
one,Koffing,109,poison,65,95,40,60,45,35,340,5
one,Weezing,110,poison,90,120,65,85,70,60,490,13
one,Rhyhorn,111,ground,85,95,80,30,30,25,345,10
one,Rhydon,112,ground,130,120,105,45,45,40,485,32
one,Chansey,113,normal,5,5,250,35,105,50,450,17
one,Tangela,114,grass,55,115,65,100,40,60,435,20
one,Kangaskhan,115,normal,125,100,105,60,100,100,590,24
one,Horsea,116,water,40,70,30,70,25,60,295,16
one,Seadra,117,water,65,95,55,95,45,85,440,14
one,Goldeen,118,water,67,60,45,35,50,63,320,4
one,Seaking,119,water,92,65,80,65,80,68,450,6
one,Staryu,120,water,45,55,30,70,55,85,340,13
one,Starmie,121,water,75,85,60,100,85,115,520,44
one,Mr. Mime,122,psychic,45,65,40,100,120,90,460,14
one,Scyther,123,bug,110,80,70,55,80,105,500,77
one,Jynx,124,ice,50,35,65,115,95,95,455,8
one,Electabuzz,125,electric,83,57,65,95,85,105,490,25
one,Magmar,126,fire,95,57,65,100,85,93,495,22
one,Pinsir,127,bug,155,120,65,65,90,105,600,14
one,Tauros,128,normal,100,95,75,40,70,110,490,22
one,Magikarp,129,water,10,55,20,15,20,80,200,37
one,Gyarados,130,water,155,109,95,70,130,81,640,89
one,Lapras,131,water,85,80,130,85,95,60,535,117
one,Ditto,132,normal,48,48,48,48,48,48,288,50
one,Eevee,133,normal,55,50,55,45,65,55,325,144
one,Vaporeon,134,water,65,60,130,110,95,65,525,105
one,Jolteon,135,electric,65,60,65,110,95,130,525,117
one,Flareon,136,fire,130,60,65,95,110,65,525,45
one,Porygon,137,normal,60,70,65,85,75,40,395,36
one,Omanyte,138,rock,40,100,35,90,55,35,355,25
one,Omastar,139,rock,60,125,70,115,70,55,495,25
one,Kabuto,140,rock,80,90,30,55,45,55,355,80
one,Kabutops,141,rock,115,105,60,65,70,80,495,75
one,Aerodactyl,142,rock,135,85,80,70,95,150,615,67
one,Snorlax,143,normal,110,65,160,65,110,30,540,83
one,Articuno,144,ice,85,100,90,95,125,85,580,86
one,Zapdos,145,electric,90,85,90,125,90,100,580,74
one,Moltres,146,fire,100,90,90,125,85,90,580,35
one,Dratini,147,dragon,64,45,41,50,50,50,300,68
one,Dragonair,148,dragon,84,65,61,70,70,70,420,77
one,Dragonite,149,dragon,134,95,91,100,100,80,600,132
one,Mewtwo,150,psychic,150,70,106,194,120,140,780,112
one,Mew,151,psychic,100,100,100,100,100,100,600,185
two,Chikorita,152,grass,49,65,45,49,65,45,318,72
two,Bayleef,153,grass,62,80,60,63,80,60,405,47
two,Meganium,154,grass,82,100,80,83,100,80,525,53
two,Cyndaquil,155,fire,52,43,39,60,50,65,309,103
two,Quilava,156,fire,64,58,58,80,65,80,405,65
two,Typhlosion,157,fire,84,78,78,109,85,100,534,164
two,Totodile,158,water,65,64,50,44,48,43,314,89
two,Croconaw,159,water,80,80,65,59,63,58,405,28
two,Feraligatr,160,water,105,100,85,79,83,78,530,102
two,Sentret,161,normal,46,34,35,35,45,20,215,12
two,Furret,162,normal,76,64,85,45,55,90,415,46
two,Hoothoot,163,normal,30,30,60,36,56,50,262,17
two,Noctowl,164,normal,50,50,100,86,96,70,452,30
two,Ledyba,165,bug,20,30,40,40,80,55,265,5
two,Ledian,166,bug,35,50,55,55,110,85,390,13
two,Spinarak,167,bug,60,40,40,40,40,30,250,8
two,Ariados,168,bug,90,70,70,60,70,40,400,13
two,Crobat,169,poison,90,80,85,70,80,130,535,117
two,Chinchou,170,water,38,38,75,56,56,67,330,24
two,Lanturn,171,water,58,58,125,76,76,67,460,50
two,Pichu,172,electric,40,15,20,35,35,60,205,31
two,Cleffa,173,fairy,25,28,50,45,55,15,218,14
two,Igglybuff,174,normal,30,15,90,40,20,15,210,14
two,Togepi,175,fairy,20,65,35,40,65,20,245,62
two,Togetic,176,fairy,40,85,55,80,105,40,405,30
two,Natu,177,psychic,50,45,40,70,45,70,320,15
two,Xatu,178,psychic,75,70,65,95,70,95,470,28
two,Mareep,179,electric,40,40,55,65,45,35,280,64
two,Flaaffy,180,electric,55,55,70,80,60,45,365,43
two,Ampharos,181,electric,95,105,90,165,110,45,610,166
two,Bellossom,182,grass,80,95,75,90,100,50,490,27
two,Marill,183,water,20,50,70,20,50,40,250,53
two,Azumarill,184,water,50,80,100,60,80,50,420,47
two,Sudowoodo,185,rock,100,115,70,30,65,30,410,41
two,Politoed,186,water,75,75,90,90,100,70,500,44
two,Hoppip,187,grass,35,40,35,35,55,50,250,11
two,Skiploom,188,grass,45,50,55,45,65,80,340,10
two,Jumpluff,189,grass,55,70,75,55,95,110,460,22
two,Aipom,190,normal,70,55,55,40,55,85,360,21
two,Sunkern,191,grass,30,30,30,30,30,30,180,5
two,Sunflora,192,grass,75,55,75,105,85,30,425,5
two,Yanma,193,bug,65,45,65,75,45,95,390,12
two,Wooper,194,water,45,45,55,25,25,15,210,23
two,Quagsire,195,water,85,85,95,65,65,35,430,45
two,Espeon,196,psychic,65,60,65,130,95,110,525,182
two,Umbreon,197,dark,65,110,95,60,130,65,525,219
two,Murkrow,198,dark,85,42,60,85,42,91,405,41
two,Slowking,199,water,75,80,95,100,110,30,490,23
two,Misdreavus,200,ghost,60,60,60,85,85,85,435,44
two,Unown,201,psychic,72,48,48,72,48,48,336,17
two,Wobbuffet,202,psychic,33,58,190,33,58,33,405,24
two,Girafarig,203,normal,80,65,70,90,65,85,455,17
two,Pineco,204,bug,65,90,50,35,35,15,290,9
two,Forretress,205,bug,90,140,75,60,60,40,465,23
two,Dunsparce,206,normal,70,70,100,65,65,45,415,23
two,Gligar,207,ground,75,105,65,35,65,85,430,22
two,Steelix,208,steel,125,230,75,55,95,30,610,76
two,Snubbull,209,fairy,80,50,60,40,40,30,300,4
two,Granbull,210,fairy,120,75,90,60,60,45,450,7
two,Qwilfish,211,water,95,85,65,55,55,85,440,9
two,Scizor,212,bug,150,140,70,65,100,75,600,154
two,Shuckle,213,bug,10,230,20,10,230,5,505,43
two,Heracross,214,bug,185,115,80,40,105,75,600,123
two,Sneasel,215,dark,95,55,55,35,75,115,430,45
two,Teddiursa,216,normal,80,50,60,50,50,40,330,29
two,Ursaring,217,normal,130,75,90,75,75,55,500,33
two,Slugma,218,fire,40,40,40,70,40,20,250,8
two,Magcargo,219,fire,50,120,60,90,80,30,430,16
two,Swinub,220,ice,50,40,50,30,30,50,250,16
two,Piloswine,221,ice,100,80,100,60,60,50,450,14
two,Corsola,222,water,55,95,65,65,95,35,410,29
two,Remoraid,223,water,65,35,35,65,35,65,300,2
two,Octillery,224,water,105,75,75,105,75,45,480,22
two,Delibird,225,ice,55,45,45,65,45,75,330,10
two,Mantine,226,water,40,70,85,80,140,70,485,21
two,Skarmory,227,steel,80,140,65,40,70,70,465,71
two,Houndour,228,dark,60,30,45,80,50,65,330,46
two,Houndoom,229,dark,90,90,75,140,90,115,600,126
two,Kingdra,230,water,95,95,75,95,95,85,540,64
two,Phanpy,231,ground,60,60,90,40,40,40,330,38
two,Donphan,232,ground,120,120,90,60,60,50,500,49
two,Porygon2,233,normal,80,90,85,105,95,60,515,33
two,Stantler,234,normal,95,62,73,85,65,85,465,9
two,Smeargle,235,normal,20,35,55,20,45,75,250,18
two,Tyrogue,236,fighting,35,35,35,35,35,35,210,11
two,Hitmontop,237,fighting,95,95,50,35,110,70,455,27
two,Smoochum,238,ice,30,15,45,85,65,65,305,7
two,Elekid,239,electric,63,37,45,65,55,95,360,17
two,Magby,240,fire,75,37,45,70,55,83,365,17
two,Miltank,241,normal,80,105,95,40,70,100,490,25
two,Blissey,242,normal,10,10,255,75,135,55,540,32
two,Raikou,243,electric,85,75,90,115,100,115,580,93
two,Entei,244,fire,115,85,115,90,75,100,580,97
two,Suicune,245,water,75,115,100,90,115,85,580,135
two,Larvitar,246,rock,64,50,50,45,50,41,300,60
two,Pupitar,247,rock,84,70,70,65,70,51,410,21
two,Tyranitar,248,rock,164,150,100,95,120,71,700,228
two,Lugia,249,psychic,90,130,106,90,154,110,680,180
two,Ho-Oh,250,fire,130,90,106,110,154,90,680,102
two,Celebi,251,psychic,100,100,100,100,100,100,600,70
three,Treecko,252,grass,45,35,40,65,55,70,310,92
three,Grovyle,253,grass,65,45,50,85,65,95,405,96
three,Sceptile,254,grass,110,75,70,145,85,145,630,171
three,Torchic,255,fire,60,40,45,70,50,45,310,78
three,Combusken,256,fire,85,60,60,85,60,55,405,33
three,Blaziken,257,fire,160,80,80,130,80,100,630,192
three,Mudkip,258,water,70,50,50,50,50,40,310,145
three,Marshtomp,259,water,85,70,70,60,70,50,405,42
three,Swampert,260,water,150,110,100,95,110,70,635,163
three,Poochyena,261,dark,55,35,35,30,30,35,220,39
three,Mightyena,262,dark,90,70,70,60,60,70,420,64
three,Zigzagoon,263,normal,30,41,38,30,41,60,240,30
three,Linoone,264,normal,70,61,78,50,61,100,420,21
three,Wurmple,265,bug,45,35,45,20,30,20,195,7
three,Silcoon,266,bug,35,55,50,25,25,15,205,3
three,Beautifly,267,bug,70,50,60,100,50,65,395,19
three,Cascoon,268,bug,35,55,50,25,25,15,205,4
three,Dustox,269,bug,50,70,60,50,90,65,385,15
three,Lotad,270,water,30,30,40,40,50,30,220,31
three,Lombre,271,water,50,50,60,60,70,50,340,21
three,Ludicolo,272,water,70,70,80,90,100,70,480,79
three,Seedot,273,grass,40,50,40,30,30,30,220,12
three,Nuzleaf,274,grass,70,40,70,60,40,60,340,15
three,Shiftry,275,grass,100,60,90,90,60,80,480,42
three,Taillow,276,normal,55,30,40,30,30,85,270,25
three,Swellow,277,normal,85,60,60,75,50,125,455,35
three,Wingull,278,water,30,30,40,55,30,85,270,17
three,Pelipper,279,water,50,100,60,95,70,65,440,23
three,Ralts,280,psychic,25,25,28,45,35,40,198,68
three,Kirlia,281,psychic,35,35,38,65,55,50,278,47
three,Gardevoir,282,psychic,85,65,68,165,135,100,618,214
three,Surskit,283,bug,30,32,40,50,52,65,269,23
three,Masquerain,284,bug,60,62,70,100,82,80,454,23
three,Shroomish,285,grass,40,60,60,40,60,35,295,29
three,Breloom,286,grass,130,80,60,60,60,70,460,99
three,Slakoth,287,normal,60,60,60,35,35,30,280,20
three,Vigoroth,288,normal,80,80,80,55,55,90,440,24
three,Slaking,289,normal,160,100,150,95,65,100,670,44
three,Nincada,290,bug,45,90,31,30,30,40,266,10
three,Ninjask,291,bug,90,45,61,50,50,160,456,31
three,Shedinja,292,bug,90,45,1,30,30,40,236,57
three,Whismur,293,normal,51,23,64,51,23,28,240,7
three,Loudred,294,normal,71,43,84,71,43,48,360,9
three,Exploud,295,normal,91,63,104,91,73,68,490,33
three,Makuhita,296,fighting,60,30,72,20,30,25,237,9
three,Hariyama,297,fighting,120,60,144,40,60,50,474,26
three,Azurill,298,normal,20,40,50,20,40,20,190,16
three,Nosepass,299,rock,45,135,30,45,90,30,375,16
three,Skitty,300,normal,45,45,50,35,35,50,260,48
three,Delcatty,301,normal,65,65,70,55,55,90,400,28
three,Sableye,302,dark,85,125,50,85,115,20,480,67
three,Mawile,303,steel,105,125,50,55,95,50,480,62
three,Aron,304,steel,70,100,50,40,40,30,330,57
three,Lairon,305,steel,90,140,60,50,50,40,430,35
three,Aggron,306,steel,140,230,70,60,80,50,630,159
three,Meditite,307,fighting,40,55,30,40,55,60,280,4
three,Medicham,308,fighting,100,85,60,80,85,100,510,19
three,Electrike,309,electric,45,40,40,65,40,65,295,16
three,Manectric,310,electric,75,80,70,135,80,135,575,45
three,Plusle,311,electric,50,40,60,85,75,95,405,28
three,Minun,312,electric,40,50,60,75,85,95,405,36
three,Volbeat,313,bug,73,75,65,47,85,85,430,3
three,Illumise,314,bug,47,75,65,73,85,85,430,8
three,Roselia,315,grass,60,45,50,100,80,65,400,27
three,Gulpin,316,poison,43,53,70,43,53,40,302,7
three,Swalot,317,poison,73,83,100,73,83,55,467,10
three,Carvanha,318,water,90,20,45,65,20,65,305,15
three,Sharpedo,319,water,140,70,70,110,65,105,560,64
three,Wailmer,320,water,70,35,130,70,35,60,400,24
three,Wailord,321,water,90,45,170,90,45,60,500,51
three,Numel,322,fire,60,40,60,65,45,35,305,20
three,Camerupt,323,fire,120,100,70,145,105,20,560,33
three,Torkoal,324,fire,85,140,70,85,70,20,470,28
three,Spoink,325,psychic,25,35,60,70,80,60,330,27
three,Grumpig,326,psychic,45,65,80,90,110,80,470,12
three,Spinda,327,normal,60,60,60,60,60,60,360,11
three,Trapinch,328,ground,100,45,45,45,45,10,290,38
three,Vibrava,329,ground,70,50,50,50,50,70,340,34
three,Flygon,330,ground,100,80,80,80,80,100,520,184
three,Cacnea,331,grass,85,40,50,85,40,35,335,14
three,Cacturne,332,grass,115,60,70,115,60,55,475,30
three,Swablu,333,normal,40,60,45,40,75,50,310,39
three,Altaria,334,dragon,110,110,75,110,105,80,590,99
three,Zangoose,335,normal,115,60,73,60,60,90,458,38
three,Seviper,336,poison,100,60,73,100,60,65,458,28
three,Lunatone,337,rock,55,65,90,95,85,70,460,21
three,Solrock,338,rock,95,85,90,55,65,70,460,19
three,Barboach,339,water,48,43,50,46,41,60,288,3
three,Whiscash,340,water,78,73,110,76,71,60,468,13
three,Corphish,341,water,80,65,43,50,35,35,308,20
three,Crawdaunt,342,water,120,85,63,90,55,55,468,38
three,Baltoy,343,ground,40,55,40,40,70,55,300,8
three,Claydol,344,ground,70,105,60,70,120,75,500,16
three,Lileep,345,rock,41,77,66,61,87,23,355,14
three,Cradily,346,rock,81,97,86,81,107,43,495,31
three,Anorith,347,rock,95,50,45,40,50,75,355,21
three,Armaldo,348,rock,125,100,75,70,80,45,495,56
three,Feebas,349,water,15,20,20,10,55,80,200,23
three,Milotic,350,water,60,79,95,100,125,81,540,149
three,Castform,351,normal,70,70,70,70,70,70,420,27
three,Kecleon,352,normal,90,70,60,60,120,40,440,24
three,Shuppet,353,ghost,75,35,44,63,33,45,295,19
three,Banette,354,ghost,165,75,64,93,83,75,555,41
three,Duskull,355,ghost,40,90,20,30,90,25,295,33
three,Dusclops,356,ghost,70,130,40,60,130,25,455,33
three,Tropius,357,grass,68,83,99,72,87,51,460,43
three,Chimecho,358,psychic,50,80,75,95,90,65,455,18
three,Absol,359,dark,150,60,65,115,60,115,565,142
three,Wynaut,360,psychic,23,48,95,23,48,23,260,14
three,Snorunt,361,ice,50,50,50,50,50,50,300,19
three,Glalie,362,ice,120,80,80,120,80,100,580,26
three,Spheal,363,ice,40,50,70,55,50,25,290,41
three,Sealeo,364,ice,60,70,90,75,70,45,410,17
three,Walrein,365,ice,80,90,110,95,90,65,530,35
three,Clamperl,366,water,64,85,35,74,55,32,345,6
three,Huntail,367,water,104,105,55,94,75,52,485,12
three,Gorebyss,368,water,84,105,55,114,75,52,485,11
three,Relicanth,369,water,90,130,100,45,65,55,485,18
three,Luvdisc,370,water,30,55,43,40,65,97,330,7
three,Bagon,371,dragon,75,60,45,40,30,50,300,45
three,Shelgon,372,dragon,95,100,65,60,50,50,420,22
three,Salamence,373,dragon,145,130,95,120,90,120,700,157
three,Beldum,374,steel,55,80,40,35,60,30,300,38
three,Metang,375,steel,75,100,60,55,80,50,420,40
three,Metagross,376,steel,145,150,80,105,110,110,700,236
three,Regirock,377,rock,100,200,80,50,100,50,580,36
three,Regice,378,ice,50,100,80,100,200,50,580,42
three,Registeel,379,steel,75,150,80,75,150,50,580,41
three,Latias,380,dragon,100,120,80,140,150,110,700,105
three,Latios,381,dragon,130,100,80,160,120,110,700,99
three,Kyogre,382,water,150,90,100,180,160,90,770,115
three,Groudon,383,ground,180,160,100,150,90,90,770,106
three,Rayquaza,384,dragon,180,100,105,180,100,115,780,198
three,Jirachi,385,steel,100,100,100,100,100,100,600,96
three,Deoxys,386,psychic,95,90,50,95,90,180,600,86
four,Turtwig,387,grass,68,64,55,45,55,31,318,95
four,Grotle,388,grass,89,85,75,55,65,36,405,36
four,Torterra,389,grass,109,105,95,75,85,56,525,148
four,Chimchar,390,fire,58,44,44,58,44,61,309,55
four,Monferno,391,fire,78,52,64,78,52,81,405,29
four,Infernape,392,fire,104,71,76,104,71,108,534,137
four,Piplup,393,water,51,53,53,61,56,40,314,96
four,Prinplup,394,water,66,68,64,81,76,50,405,29
four,Empoleon,395,water,86,88,84,111,101,60,530,139
four,Starly,396,normal,55,30,40,30,30,60,245,30
four,Staravia,397,normal,75,50,55,40,40,80,340,21
four,Staraptor,398,normal,120,70,85,50,60,100,485,120
four,Bidoof,399,normal,45,40,59,35,40,31,250,46
four,Bibarel,400,normal,85,60,79,55,60,71,410,12
four,Kricketot,401,bug,25,41,37,25,41,25,194,5
four,Kricketune,402,bug,85,51,77,55,51,65,384,21
four,Shinx,403,electric,65,34,45,40,34,45,263,81
four,Luxio,404,electric,85,49,60,60,49,60,363,63
four,Luxray,405,electric,120,79,80,95,79,70,523,212
four,Budew,406,grass,30,35,40,50,70,55,280,14
four,Roserade,407,grass,70,65,60,125,105,90,515,84
four,Cranidos,408,rock,125,40,67,30,30,58,350,24
four,Rampardos,409,rock,165,60,97,65,50,58,495,68
four,Shieldon,410,rock,42,118,30,42,88,30,350,16
four,Bastiodon,411,rock,52,168,60,47,138,30,495,24
four,Burmy,412,bug,29,45,40,29,45,36,224,5
four,Wormadam,413,bug,69,95,60,69,95,36,424,2
four,Mothim,414,bug,94,50,70,94,50,66,424,8
four,Combee,415,bug,30,42,30,30,42,70,244,15
four,Vespiquen,416,bug,80,102,70,80,102,40,474,41
four,Pachirisu,417,electric,45,70,60,45,90,95,405,31
four,Buizel,418,water,65,35,55,60,30,85,330,40
four,Floatzel,419,water,105,55,85,85,50,115,495,41
four,Cherubi,420,grass,35,45,45,62,53,35,275,16
four,Cherrim,421,grass,60,70,70,87,78,85,450,19
four,Shellos,422,water,48,48,76,57,62,34,325,20
four,Gastrodon,423,water,83,68,111,92,82,39,475,39
four,Ambipom,424,normal,100,66,75,60,66,115,482,27
four,Drifloon,425,ghost,50,34,90,60,44,70,348,30
four,Drifblim,426,ghost,80,44,150,90,54,80,498,35
four,Buneary,427,normal,66,44,55,44,56,85,350,30
four,Lopunny,428,normal,136,94,65,54,96,135,580,52
four,Mismagius,429,ghost,60,60,60,105,105,105,495,63
four,Honchkrow,430,dark,125,52,100,105,52,71,505,64
four,Glameow,431,normal,55,42,49,42,37,85,310,16
four,Purugly,432,normal,82,64,71,64,59,112,452,14
four,Chingling,433,psychic,30,50,45,65,50,45,285,6
four,Stunky,434,poison,63,47,63,41,41,74,329,10
four,Skuntank,435,poison,93,67,103,71,61,84,479,20
four,Bronzor,436,steel,24,86,57,24,86,23,300,10
four,Bronzong,437,steel,89,116,67,79,116,33,500,26
four,Bonsly,438,rock,80,95,50,10,45,10,290,8
four,Mime Jr.,439,psychic,25,45,20,70,90,60,310,18
four,Happiny,440,normal,5,5,100,15,65,30,220,7
four,Chatot,441,normal,65,45,76,92,42,91,411,22
four,Spiritomb,442,ghost,92,108,50,92,108,35,485,53
four,Gible,443,dragon,70,45,58,40,45,42,300,45
four,Gabite,444,dragon,90,65,68,50,55,82,410,31
four,Garchomp,445,dragon,170,115,108,120,95,92,700,201
four,Munchlax,446,normal,85,40,135,40,85,5,390,54
four,Riolu,447,fighting,70,40,40,35,40,60,285,71
four,Lucario,448,fighting,145,88,70,140,70,112,625,228
four,Hippopotas,449,ground,72,78,68,38,42,32,330,19
four,Hippowdon,450,ground,112,118,108,68,72,47,525,23
four,Skorupi,451,poison,50,90,40,30,55,65,330,16
four,Drapion,452,poison,90,110,70,60,75,95,500,52
four,Croagunk,453,poison,61,40,48,61,40,50,300,44
four,Toxicroak,454,poison,106,65,83,86,65,85,490,62
four,Carnivine,455,grass,100,72,74,90,72,46,454,7
four,Finneon,456,water,49,56,49,49,61,66,330,9
four,Lumineon,457,water,69,76,69,69,86,91,460,16
four,Mantyke,458,water,20,50,45,60,120,50,345,10
four,Snover,459,grass,62,50,60,62,60,40,334,14
four,Abomasnow,460,grass,132,105,90,132,105,30,594,36
four,Weavile,461,dark,120,65,70,45,85,125,510,97
four,Magnezone,462,electric,70,115,70,130,90,60,535,69
four,Lickilicky,463,normal,85,95,110,80,95,50,515,13
four,Rhyperior,464,ground,140,130,115,55,55,40,535,53
four,Tangrowth,465,grass,100,125,100,110,50,50,535,19
four,Electivire,466,electric,123,67,75,95,85,95,540,80
four,Magmortar,467,fire,95,67,75,125,95,83,540,48
four,Togekiss,468,fairy,50,95,85,120,115,80,545,97
four,Yanmega,469,bug,76,86,86,116,56,95,515,51
four,Leafeon,470,grass,110,130,65,60,65,95,525,112
four,Glaceon,471,ice,60,110,65,130,95,65,525,111
four,Gliscor,472,ground,95,125,75,45,75,95,510,90
four,Mamoswine,473,ice,130,80,110,70,60,80,530,66
four,Porygon-Z,474,normal,80,70,85,135,75,90,535,81
four,Gallade,475,psychic,165,95,68,65,115,110,618,101
four,Probopass,476,rock,55,145,60,75,150,40,525,20
four,Dusknoir,477,ghost,100,135,45,65,135,45,525,51
four,Froslass,478,ice,80,70,70,80,70,110,480,77
four,Rotom,479,electric,65,107,50,105,107,86,520,83
four,Uxie,480,psychic,75,130,75,75,130,95,580,24
four,Mesprit,481,psychic,105,105,80,105,105,80,580,24
four,Azelf,482,psychic,125,70,75,125,70,115,580,35
four,Dialga,483,steel,120,120,100,150,100,90,680,102
four,Palkia,484,water,120,100,90,150,120,100,680,60
four,Heatran,485,fire,90,106,91,130,106,77,600,28
four,Regigigas,486,normal,160,110,110,80,110,100,670,48
four,Giratina,487,ghost,120,100,150,120,100,90,680,124
four,Cresselia,488,psychic,70,120,120,75,130,85,600,37
four,Phione,489,water,80,80,80,80,80,80,480,15
four,Manaphy,490,water,100,100,100,100,100,100,600,49
four,Darkrai,491,dark,90,90,70,135,90,125,600,126
four,Shaymin,492,grass,103,75,100,120,75,127,600,86
four,Arceus,493,normal,120,120,120,120,120,120,720,91
five,Victini,494,psychic,100,100,100,100,100,100,600,98
five,Snivy,495,grass,45,55,45,45,55,63,308,87
five,Servine,496,grass,60,75,60,60,75,83,413,45
five,Serperior,497,grass,75,95,75,75,95,113,528,128
five,Tepig,498,fire,63,45,65,45,45,45,308,50
five,Pignite,499,fire,93,55,90,70,55,55,418,21
five,Emboar,500,fire,123,65,110,100,65,65,528,46
five,Oshawott,501,water,55,45,55,63,45,45,308,78
five,Dewott,502,water,75,60,75,83,60,60,413,50
five,Samurott,503,water,100,85,95,108,70,70,528,98
five,Patrat,504,normal,55,39,45,35,39,42,255,3
five,Watchog,505,normal,85,69,60,60,69,77,420,8
five,Lillipup,506,normal,60,45,45,25,45,55,275,36
five,Herdier,507,normal,80,65,65,35,65,60,370,24
five,Stoutland,508,normal,110,90,85,45,90,80,500,43
five,Purrloin,509,dark,50,37,41,50,37,66,281,23
five,Liepard,510,dark,88,50,64,88,50,106,446,32
five,Pansage,511,grass,53,48,50,53,48,64,316,15
five,Simisage,512,grass,98,63,75,98,63,101,498,20
five,Pansear,513,fire,53,48,50,53,48,64,316,12
five,Simisear,514,fire,98,63,75,98,63,101,498,7
five,Panpour,515,water,53,48,50,53,48,64,316,15
five,Simipour,516,water,98,63,75,98,63,101,498,14
five,Munna,517,psychic,25,45,76,67,55,24,292,24
five,Musharna,518,psychic,55,85,116,107,95,29,487,36
five,Pidove,519,normal,55,50,50,36,30,43,264,23
five,Tranquill,520,normal,77,62,62,50,42,65,358,10
five,Unfezant,521,normal,115,80,80,65,55,93,488,17
five,Blitzle,522,electric,60,32,45,50,32,76,295,33
five,Zebstrika,523,electric,100,63,75,80,63,116,497,62
five,Roggenrola,524,rock,75,85,55,25,25,15,280,17
five,Boldore,525,rock,105,105,70,50,40,20,390,10
five,Gigalith,526,rock,135,130,85,60,80,25,515,64
five,Woobat,527,psychic,45,43,65,55,43,72,323,28
five,Swoobat,528,psychic,57,55,67,77,55,114,425,23
five,Drilbur,529,ground,85,40,60,30,45,68,328,20
five,Excadrill,530,ground,135,60,110,50,65,88,508,78
five,Audino,531,normal,60,126,103,80,126,50,545,22
five,Timburr,532,fighting,80,55,75,25,35,35,305,9
five,Gurdurr,533,fighting,105,85,85,40,50,40,405,9
five,Conkeldurr,534,fighting,140,95,105,55,65,45,505,31
five,Tympole,535,water,50,40,50,50,40,64,294,9
five,Palpitoad,536,water,65,55,75,65,55,69,384,11
five,Seismitoad,537,water,95,75,105,85,75,74,509,30
five,Throh,538,fighting,100,85,120,30,85,45,465,14
five,Sawk,539,fighting,125,75,75,30,75,85,465,15
five,Sewaddle,540,bug,53,70,45,40,60,42,310,19
five,Swadloon,541,bug,63,90,55,50,80,42,380,17
five,Leavanny,542,bug,103,80,75,70,80,92,500,45
five,Venipede,543,bug,45,59,30,30,39,57,260,20
five,Whirlipede,544,bug,55,99,40,40,79,47,360,14
five,Scolipede,545,bug,100,89,60,55,69,112,485,78
five,Cottonee,546,grass,27,60,40,37,50,66,280,17
five,Whimsicott,547,grass,67,85,60,77,75,116,480,69
five,Petilil,548,grass,35,50,45,70,50,30,280,21
five,Lilligant,549,grass,60,75,70,110,75,90,480,58
five,Basculin,550,water,92,65,70,80,55,98,460,6
five,Sandile,551,ground,72,35,50,35,35,65,292,42
five,Krokorok,552,ground,82,45,60,45,45,74,351,45
five,Krookodile,553,ground,117,80,95,65,70,92,519,134
five,Darumaka,554,fire,90,45,70,15,45,50,315,21
five,Darmanitan,555,fire,30,105,105,140,105,55,540,43
five,Maractus,556,grass,86,67,75,106,67,60,461,20
five,Dwebble,557,bug,65,85,50,35,35,55,325,17
five,Crustle,558,bug,105,125,70,65,75,45,485,22
five,Scraggy,559,dark,75,70,50,35,70,48,348,33
five,Scrafty,560,dark,90,115,65,45,115,58,488,56
five,Sigilyph,561,psychic,58,80,72,103,80,97,490,38
five,Yamask,562,ghost,30,85,38,55,65,30,303,18
five,Cofagrigus,563,ghost,50,145,58,95,105,30,483,51
five,Tirtouga,564,water,78,103,54,53,45,22,355,25
five,Carracosta,565,water,108,133,74,83,65,32,495,34
five,Archen,566,rock,112,45,55,74,45,70,401,30
five,Archeops,567,rock,140,65,75,112,65,110,567,78
five,Trubbish,568,poison,50,62,50,40,62,65,329,28
five,Garbodor,569,poison,95,82,80,60,82,75,474,23
five,Zorua,570,dark,65,40,40,80,40,65,330,90
five,Zoroark,571,dark,105,60,60,120,60,105,510,144
five,Minccino,572,normal,50,40,55,40,40,75,300,29
five,Cinccino,573,normal,95,60,75,65,60,115,470,37
five,Gothita,574,psychic,30,50,45,55,65,45,290,16
five,Gothorita,575,psychic,45,70,60,75,85,55,390,16
five,Gothitelle,576,psychic,55,95,70,95,110,65,490,25
five,Solosis,577,psychic,30,40,45,105,50,20,290,32
five,Duosion,578,psychic,40,50,65,125,60,30,370,26
five,Reuniclus,579,psychic,65,75,110,125,85,30,490,74
five,Ducklett,580,water,44,50,62,44,50,55,305,16
five,Swanna,581,water,87,63,75,87,63,98,473,18
five,Vanillite,582,ice,50,50,36,65,60,44,305,26
five,Vanillish,583,ice,65,65,51,80,75,59,395,19
five,Vanilluxe,584,ice,95,85,71,110,95,79,535,32
five,Deerling,585,normal,60,50,60,40,50,75,335,36
five,Sawsbuck,586,normal,100,70,80,60,70,95,475,46
five,Emolga,587,electric,75,60,55,75,60,103,428,42
five,Karrablast,588,bug,75,45,50,40,45,60,315,13
five,Escavalier,589,bug,135,105,70,60,105,20,495,31
five,Foongus,590,grass,55,45,69,55,55,15,294,9
five,Amoonguss,591,grass,85,70,114,85,80,30,464,10
five,Frillish,592,water,40,50,55,65,85,40,335,19
five,Jellicent,593,water,60,70,100,85,105,60,480,38
five,Alomomola,594,water,75,80,165,40,45,65,470,8
five,Joltik,595,bug,47,50,50,57,50,65,319,60
five,Galvantula,596,bug,77,60,70,97,60,108,472,96
five,Ferroseed,597,grass,50,91,44,24,86,10,305,16
five,Ferrothorn,598,grass,94,131,74,54,116,20,489,55
five,Klink,599,steel,55,70,40,45,60,30,300,18
five,Klang,600,steel,80,95,60,70,85,50,440,15
five,Klinklang,601,steel,100,115,60,70,85,90,520,15
five,Tynamo,602,electric,55,40,35,45,40,60,275,20
five,Eelektrik,603,electric,85,70,65,75,70,40,405,12
five,Eelektross,604,electric,115,80,85,105,80,50,515,48
five,Elgyem,605,psychic,55,55,55,85,55,30,335,15
five,Beheeyem,606,psychic,75,75,75,125,95,40,485,22
five,Litwick,607,ghost,30,55,50,65,55,20,275,63
five,Lampent,608,ghost,40,60,60,95,60,55,370,38
five,Chandelure,609,ghost,55,90,60,145,90,80,520,141
five,Axew,610,dragon,87,60,46,30,40,57,320,40
five,Fraxure,611,dragon,117,70,66,40,50,67,410,23
five,Haxorus,612,dragon,147,90,76,60,70,97,540,107
five,Cubchoo,613,ice,70,40,55,60,40,40,305,23
five,Beartic,614,ice,130,80,95,70,80,50,505,23
five,Cryogonal,615,ice,50,50,80,95,135,105,515,13
five,Shelmet,616,bug,40,85,50,40,65,25,305,15
five,Accelgor,617,bug,70,40,80,100,60,145,495,23
five,Stunfisk,618,ground,66,84,109,81,99,32,471,13
five,Mienfoo,619,fighting,85,50,45,55,50,65,350,20
five,Mienshao,620,fighting,125,60,65,95,60,105,510,34
five,Druddigon,621,dragon,120,90,77,60,90,48,485,29
five,Golett,622,ground,74,50,59,35,50,35,303,22
five,Golurk,623,ground,124,80,89,55,80,55,483,66
five,Pawniard,624,dark,85,70,45,40,40,60,340,23
five,Bisharp,625,dark,125,100,65,60,70,70,490,78
five,Bouffalant,626,normal,110,95,95,40,95,55,490,10
five,Rufflet,627,normal,83,50,70,37,50,60,350,25
five,Braviary,628,normal,123,75,100,57,75,80,510,65
five,Vullaby,629,dark,55,75,70,45,65,60,370,15
five,Mandibuzz,630,dark,65,105,110,55,95,80,510,14
five,Heatmor,631,fire,97,66,85,105,66,65,484,12
five,Durant,632,bug,109,112,58,48,48,109,484,17
five,Deino,633,dark,65,50,52,45,50,38,300,37
five,Zweilous,634,dark,85,70,72,65,70,58,420,34
five,Hydreigon,635,dark,105,90,92,125,90,98,600,150
five,Larvesta,636,bug,85,55,55,50,55,60,360,24
five,Volcarona,637,bug,60,65,85,135,105,100,550,159
five,Cobalion,638,steel,90,129,91,90,72,108,580,33
five,Terrakion,639,rock,129,90,91,72,90,108,580,27
five,Virizion,640,grass,90,72,91,90,129,108,580,40
five,Tornadus,641,flying,100,80,79,110,90,121,580,24
five,Thundurus,642,electric,105,70,79,145,80,101,580,24
five,Reshiram,643,dragon,120,100,100,150,120,90,680,91
five,Zekrom,644,dragon,150,120,100,120,100,90,680,86
five,Landorus,645,ground,145,90,89,105,80,91,600,23
five,Kyurem,646,dragon,120,90,125,170,100,95,700,53
five,Keldeo,647,water,72,90,91,129,90,108,580,39
five,Meloetta,648,normal,128,90,100,77,77,128,600,58
five,Genesect,649,bug,120,95,71,120,95,99,600,67
six,Chespin,650,grass,61,65,56,48,45,38,313,65
six,Quilladin,651,grass,78,95,61,56,58,57,405,22
six,Chesnaught,652,grass,107,122,88,74,75,64,530,69
six,Fennekin,653,fire,45,40,40,62,60,60,307,96
six,Braixen,654,fire,59,58,59,90,70,73,409,66
six,Delphox,655,fire,69,72,75,114,100,104,534,82
six,Froakie,656,water,56,40,41,62,44,71,314,67
six,Frogadier,657,water,63,52,54,83,56,97,405,50
six,Greninja,658,water,145,67,72,153,71,132,640,270
six,Bunnelby,659,normal,36,38,38,32,36,57,237,12
six,Diggersby,660,normal,56,77,85,50,77,78,423,16
six,Fletchling,661,normal,50,43,45,40,38,62,278,34
six,Fletchinder,662,fire,73,55,62,56,52,84,382,31
six,Talonflame,663,fire,81,71,78,74,69,126,499,122
six,Scatterbug,664,bug,35,40,38,27,25,35,200,7
six,Spewpa,665,bug,22,60,45,27,30,29,213,12
six,Vivillon,666,bug,52,50,80,90,50,89,411,40
six,Litleo,667,fire,50,58,62,73,54,72,369,37
six,Pyroar,668,fire,68,72,86,109,66,106,507,63
six,Flabébé,669,fairy,38,39,44,61,79,42,303,17
six,Floette,670,fairy,65,67,74,125,128,92,551,20
six,Florges,671,fairy,65,68,78,112,154,75,552,24
six,Skiddo,672,grass,65,48,66,62,57,52,350,31
six,Gogoat,673,grass,100,62,123,97,81,68,531,48
six,Pancham,674,fighting,82,62,67,46,48,43,348,29
six,Pangoro,675,fighting,124,78,95,69,71,58,495,39
six,Furfrou,676,normal,80,60,75,65,90,102,472,24
six,Espurr,677,psychic,48,54,62,63,60,68,355,52
six,Meowstic,678,psychic,48,76,74,83,81,104,466,62
six,Honedge,679,steel,80,100,45,35,37,28,325,50
six,Doublade,680,steel,110,150,59,45,49,35,448,49
six,Aegislash,681,steel,150,50,60,150,50,60,520,181
six,Spritzee,682,fairy,52,60,78,63,65,23,341,10
six,Aromatisse,683,fairy,72,72,101,99,89,29,462,12
six,Swirlix,684,fairy,48,66,62,59,57,49,341,19
six,Slurpuff,685,fairy,80,86,82,85,75,72,480,25
six,Inkay,686,dark,54,53,53,37,46,45,288,37
six,Malamar,687,dark,92,88,86,68,75,73,482,54
six,Binacle,688,rock,52,67,42,39,56,50,306,8
six,Barbaracle,689,rock,105,115,72,54,86,68,500,11
six,Skrelp,690,poison,60,60,50,60,60,30,320,23
six,Dragalge,691,poison,75,90,65,97,123,44,494,74
six,Clauncher,692,water,53,62,50,58,63,44,330,15
six,Clawitzer,693,water,73,88,71,120,89,59,500,44
six,Helioptile,694,electric,38,33,44,61,43,70,289,29
six,Heliolisk,695,electric,55,52,62,109,94,109,481,52
six,Tyrunt,696,rock,89,77,58,45,45,48,362,45
six,Tyrantrum,697,rock,121,119,82,69,59,71,521,129
six,Amaura,698,rock,59,50,77,67,63,46,362,40
six,Aurorus,699,rock,77,72,123,99,92,58,521,79
six,Sylveon,700,fairy,65,65,95,110,130,60,525,131
six,Hawlucha,701,fighting,92,75,78,74,63,118,500,78
six,Dedenne,702,electric,58,57,67,81,67,101,431,22
six,Carbink,703,rock,50,150,50,50,150,50,500,10
six,Goomy,704,dragon,50,35,45,55,75,40,300,59
six,Sliggoo,705,dragon,75,53,68,83,113,60,452,31
six,Goodra,706,dragon,100,70,90,110,150,80,600,95
six,Klefki,707,steel,80,91,57,80,87,75,470,38
six,Phantump,708,ghost,70,48,43,50,60,38,309,45
six,Trevenant,709,ghost,110,76,85,65,82,56,474,67
six,Pumpkaboo,710,ghost,66,70,59,44,55,41,335,57
six,Gourgeist,711,ghost,100,122,85,58,75,54,494,35
six,Bergmite,712,ice,69,85,55,32,35,28,304,14
six,Avalugg,713,ice,117,184,95,44,46,28,514,21
six,Noibat,714,flying,30,35,40,45,40,55,245,43
six,Noivern,715,flying,70,80,85,97,80,123,535,147
six,Xerneas,716,fairy,131,95,126,131,98,99,680,108
six,Yveltal,717,dark,131,95,126,131,98,99,680,93
six,Zygarde,718,dragon,100,121,216,91,95,85,708,61
six,Diancie,719,rock,160,110,50,160,110,110,700,42
six,Hoopa,720,psychic,160,60,80,170,130,80,680,45
six,Volcanion,721,fire,110,120,80,130,90,70,600,44
seven,Rowlet,722,grass,55,55,68,50,50,42,320,177
seven,Dartrix,723,grass,75,75,78,70,70,52,420,61
seven,Decidueye,724,grass,107,75,78,100,100,70,530,247
seven,Litten,725,fire,65,40,45,60,40,70,320,120
seven,Torracat,726,fire,85,50,65,80,50,90,420,61
seven,Incineroar,727,fire,115,90,95,80,90,60,530,98
seven,Popplio,728,water,54,54,50,66,56,40,320,77
seven,Brionne,729,water,69,69,60,91,81,50,420,40
seven,Primarina,730,water,74,74,80,126,116,60,530,108
seven,Pikipek,731,normal,75,30,35,30,30,65,265,25
seven,Trumbeak,732,normal,85,50,55,40,50,75,355,19
seven,Toucannon,733,normal,120,75,80,75,75,60,485,50
seven,Yungoos,734,normal,70,30,48,30,30,45,253,5
seven,Gumshoos,735,normal,110,60,88,55,60,45,418,7
seven,Grubbin,736,bug,62,45,47,55,45,46,300,20
seven,Charjabug,737,bug,82,95,57,55,75,36,400,40
seven,Vikavolt,738,bug,70,90,77,145,75,43,500,95
seven,Crabrawler,739,fighting,82,57,47,42,47,63,338,29
seven,Crabominable,740,fighting,132,77,97,62,67,43,478,26
seven,Oricorio,741,fire,70,70,75,98,70,93,476,28
seven,Cutiefly,742,bug,45,40,40,55,40,84,304,45
seven,Ribombee,743,bug,55,60,60,95,70,124,464,59
seven,Rockruff,744,rock,65,40,45,30,40,60,280,102
seven,Lycanroc,745,rock,115,75,85,55,75,82,487,159
seven,Wishiwashi,746,water,140,130,45,140,135,30,620,52
seven,Mareanie,747,poison,53,62,50,43,52,45,305,38
seven,Toxapex,748,poison,63,152,50,53,142,35,495,67
seven,Mudbray,749,ground,100,70,70,45,55,45,385,22
seven,Mudsdale,750,ground,125,100,100,55,85,35,500,58
seven,Dewpider,751,water,40,52,38,40,72,27,269,30
seven,Araquanid,752,water,70,92,68,50,132,42,454,74
seven,Fomantis,753,grass,55,35,40,50,35,35,250,27
seven,Lurantis,754,grass,105,90,70,80,90,45,480,62
seven,Morelull,755,grass,35,55,40,65,75,15,285,16
seven,Shiinotic,756,grass,45,80,60,90,100,30,405,21
seven,Salandit,757,poison,44,40,48,71,40,77,320,46
seven,Salazzle,758,poison,64,60,68,111,60,117,480,116
seven,Stufful,759,normal,75,50,70,45,50,50,340,54
seven,Bewear,760,normal,125,80,120,55,60,60,500,61
seven,Bounsweet,761,grass,30,38,42,30,38,32,210,27
seven,Steenee,762,grass,40,48,52,40,48,62,290,26
seven,Tsareena,763,grass,120,98,72,50,98,72,510,54
seven,Comfey,764,fairy,52,90,51,82,110,100,485,16
seven,Oranguru,765,normal,60,80,90,90,110,60,490,19
seven,Passimian,766,fighting,120,90,100,40,60,80,490,28
seven,Wimpod,767,bug,35,40,25,20,30,80,230,35
seven,Golisopod,768,bug,125,140,75,60,90,40,530,109
seven,Sandygast,769,ghost,55,80,55,70,45,15,320,32
seven,Palossand,770,ghost,75,110,85,100,75,35,480,61
seven,Pyukumuku,771,water,60,130,55,30,130,5,410,57
seven,Type: Null,772,normal,95,95,95,95,95,59,534,68
seven,Silvally,773,normal,95,95,95,95,95,95,570,89
seven,Minior,774,rock,100,60,60,100,60,120,500,57
seven,Komala,775,normal,115,65,65,75,95,65,480,21
seven,Turtonator,776,fire,78,135,60,91,85,36,485,27
seven,Togedemaru,777,electric,98,63,65,40,73,96,435,32
seven,Mimikyu,778,ghost,90,80,55,50,105,96,476,202
seven,Bruxish,779,water,105,70,68,70,70,92,475,6
seven,Drampa,780,normal,60,85,78,135,91,36,485,36
seven,Dhelmise,781,ghost,131,100,70,86,90,40,517,36
seven,Jangmo-o,782,dragon,55,65,45,45,45,45,300,34
seven,Hakamo-o,783,dragon,75,90,55,65,70,65,420,31
seven,Kommo-o,784,dragon,110,125,75,100,105,85,600,84
seven,Tapu Koko,785,electric,115,85,70,95,75,130,570,68
seven,Tapu Lele,786,psychic,85,75,70,130,115,95,570,41
seven,Tapu Bulu,787,grass,130,115,70,85,95,75,570,27
seven,Tapu Fini,788,water,75,115,70,95,130,85,570,44
seven,Cosmog,789,psychic,29,31,43,29,31,37,200,70
seven,Cosmoem,790,psychic,29,131,43,29,131,37,400,23
seven,Solgaleo,791,psychic,137,107,137,113,89,97,680,98
seven,Lunala,792,psychic,113,89,137,137,107,97,680,100
seven,Nihilego,793,rock,53,47,109,127,131,103,570,45
seven,Buzzwole,794,bug,139,139,107,53,53,79,570,51
seven,Pheromosa,795,bug,137,37,71,137,37,151,570,33
seven,Xurkitree,796,electric,89,71,83,173,71,83,570,41
seven,Celesteela,797,steel,101,103,97,107,101,61,570,34
seven,Kartana,798,grass,181,131,59,59,31,109,570,53
seven,Guzzlord,799,dark,101,53,223,97,53,43,570,44
seven,Necrozma,800,psychic,107,101,97,127,89,79,600,65
seven,Magearna,801,steel,95,115,80,130,115,65,600,29
seven,Marshadow,802,fight,125,80,90,90,90,125,600,72
seven,Poipole,803,poison,73,67,67,73,67,73,420,59
seven,Naganadel,804,poison,73,73,73,127,73,121,540,53
seven,Stakataka,805,rock,131,211,61,53,101,13,570,25
seven,Blacephalon,806,fire,127,53,53,151,79,107,570,36
seven,Zeraora,807,electric,112,75,88,102,80,143,600,55
